user_id,country,age_bucket,language,price_preference,local_brand_affinity,avoid_alcohol
U00001,EU,35-44,es,budget,0.613,False
U00002,IN,18-24,ta,budget,0.129,False
U00003,EU,45+,es,budget,0.778,False
U00004,IN,25-34,en,budget,0.43,False
U00005,US,18-24,en,mid,0.86,False
U00006,AE,18-24,en,premium,0.531,False
U00007,EU,25-34,de,premium,0.595,False
U00008,EU,18-24,es,mid,0.809,False
U00009,US,25-34,en,mid,0.353,False
U00010,IN,45+,ta,premium,0.332,False
U00011,IN,13-17,hi,premium,0.507,True
U00012,AE,13-17,en,budget,0.732,True
U00013,IN,45+,ta,mid,0.257,False
U00014,EU,25-34,fr,mid,0.183,False
U00015,IN,18-24,hi,budget,0.731,False
U00016,US,45+,en,budget,0.417,False
U00017,IN,45+,ta,premium,0.464,True
U00018,US,25-34,en,premium,0.142,False
U00019,EU,25-34,de,premium,0.401,False
U00020,IN,18-24,hi,mid,0.548,True
U00021,EU,13-17,en,budget,0.755,True
U00022,IN,25-34,hi,budget,0.38,False
U00023,AE,18-24,ar,mid,0.915,False
U00024,EU,25-34,fr,mid,0.399,False
U00025,EU,35-44,de,mid,0.4,False
U00026,US,13-17,en,mid,0.888,True
U00027,IN,25-34,hi,budget,0.597,False
U00028,US,18-24,en,mid,0.429,True
U00029,US,35-44,en,budget,0.516,False
U00030,IN,18-24,ta,budget,0.848,False
U00031,EU,25-34,es,budget,0.873,False
U00032,AE,25-34,ar,budget,0.37,False
U00033,US,18-24,en,premium,0.541,False
U00034,IN,25-34,ta,budget,0.57,False
U00035,IN,35-44,te,budget,0.333,False
U00036,US,25-34,en,mid,0.538,False
U00037,US,35-44,en,mid,0.551,False
U00038,IN,45+,hi,budget,0.801,False
U00039,US,18-24,en,budget,0.816,False
U00040,IN,25-34,te,budget,0.478,False
U00041,IN,13-17,ta,mid,0.503,True
U00042,EU,35-44,es,budget,0.696,False
U00043,EU,25-34,en,budget,0.421,True
U00044,US,18-24,en,budget,0.68,False
U00045,EU,13-17,de,mid,0.531,True
U00046,EU,45+,en,budget,0.337,False
U00047,IN,18-24,te,mid,0.339,False
U00048,US,25-34,en,budget,0.868,True
U00049,IN,18-24,te,mid,0.516,False
U00050,US,45+,en,budget,0.911,False
U00051,US,18-24,en,budget,0.437,False
U00052,US,18-24,en,budget,0.614,True
U00053,EU,35-44,fr,mid,1.0,True
U00054,IN,45+,ta,premium,0.317,False
U00055,EU,18-24,es,budget,0.132,False
U00056,EU,25-34,en,budget,0.833,True
U00057,IN,35-44,en,premium,0.368,True
U00058,IN,35-44,en,mid,0.545,False
U00059,US,18-24,en,budget,0.421,True
U00060,US,25-34,en,budget,0.609,False
U00061,IN,35-44,ta,mid,0.341,False
U00062,IN,35-44,te,mid,0.51,False
U00063,IN,35-44,te,mid,0.649,False
U00064,EU,25-34,es,premium,0.328,True
U00065,IN,13-17,ta,mid,0.396,True
U00066,IN,45+,en,budget,0.474,False
U00067,IN,35-44,en,mid,0.236,False
U00068,US,35-44,en,budget,0.457,False
U00069,US,13-17,en,budget,0.576,True
U00070,IN,18-24,hi,budget,0.462,False
U00071,US,35-44,en,budget,0.49,False
U00072,IN,13-17,hi,mid,0.546,True
U00073,EU,45+,de,budget,0.406,False
U00074,US,18-24,en,budget,0.702,True
U00075,US,25-34,en,mid,0.866,False
U00076,US,45+,en,mid,0.448,False
U00077,US,18-24,en,mid,0.657,False
U00078,IN,18-24,en,mid,0.497,False
U00079,IN,25-34,hi,mid,0.63,False
U00080,EU,25-34,en,budget,0.894,False
U00081,IN,18-24,en,mid,0.662,False
U00082,IN,25-34,en,mid,0.16,False
U00083,EU,45+,en,budget,0.65,False
U00084,US,25-34,en,budget,0.821,False
U00085,US,18-24,en,budget,0.501,False
U00086,US,18-24,en,mid,0.769,False
U00087,EU,18-24,de,budget,0.398,False
U00088,IN,18-24,hi,budget,0.223,False
U00089,US,18-24,en,mid,0.581,False
U00090,IN,25-34,hi,premium,0.164,False
U00091,US,18-24,en,budget,0.497,False
U00092,IN,45+,hi,premium,0.833,False
U00093,IN,18-24,te,budget,0.13,False
U00094,IN,13-17,ta,premium,0.269,True
U00095,US,35-44,en,premium,0.323,False
U00096,IN,45+,te,budget,0.536,False
U00097,IN,18-24,te,mid,0.47,True
U00098,US,18-24,en,premium,0.858,False
U00099,US,18-24,en,premium,0.76,False
U00100,AE,25-34,ar,premium,0.659,False
U00101,AE,25-34,ar,mid,0.582,False
U00102,IN,18-24,en,budget,0.637,False
U00103,US,13-17,en,mid,0.36,True
U00104,AE,25-34,ar,mid,0.739,False
U00105,EU,45+,en,mid,0.305,True
U00106,EU,25-34,fr,budget,0.734,False
U00107,IN,25-34,te,mid,0.811,False
U00108,US,13-17,en,budget,0.596,True
U00109,US,18-24,en,mid,0.511,False
U00110,AE,18-24,en,budget,0.638,False
U00111,IN,35-44,en,mid,0.0,False
U00112,US,35-44,en,mid,0.616,False
U00113,US,45+,en,mid,0.525,False
U00114,IN,45+,ta,mid,0.539,False
U00115,US,45+,en,budget,0.705,False
U00116,EU,45+,en,premium,0.534,False
U00117,EU,13-17,en,mid,0.299,True
U00118,EU,18-24,es,budget,0.519,False
U00119,IN,18-24,te,budget,0.565,True
U00120,IN,25-34,en,budget,0.575,True
U00121,IN,13-17,ta,mid,0.586,False
U00122,IN,35-44,ta,premium,0.779,False
U00123,US,25-34,en,mid,0.311,False
U00124,IN,25-34,en,budget,0.589,False
U00125,US,18-24,en,premium,0.834,False
U00126,IN,18-24,hi,budget,0.168,False
U00127,US,18-24,en,premium,0.59,True
U00128,US,35-44,en,budget,0.421,False
U00129,US,25-34,en,mid,0.468,False
U00130,IN,35-44,hi,premium,0.351,False
U00131,US,18-24,en,budget,0.513,True
U00132,AE,18-24,en,mid,0.955,True
U00133,IN,18-24,en,premium,0.272,False
U00134,US,35-44,en,budget,0.293,False
U00135,IN,35-44,en,budget,0.264,False
U00136,US,18-24,en,mid,0.93,False
U00137,AE,45+,en,budget,0.448,False
U00138,IN,18-24,hi,budget,0.544,False
U00139,EU,45+,fr,mid,0.461,False
U00140,US,13-17,en,mid,0.342,True
U00141,IN,18-24,en,budget,0.498,False
U00142,IN,35-44,hi,budget,1.0,False
U00143,AE,18-24,en,mid,0.856,True
U00144,IN,18-24,ta,mid,0.362,False
U00145,IN,18-24,en,mid,0.692,False
U00146,US,18-24,en,budget,0.367,False
U00147,US,25-34,en,premium,0.159,False
U00148,IN,35-44,ta,mid,0.774,False
U00149,IN,35-44,te,budget,0.805,False
U00150,US,18-24,en,premium,0.78,False
U00151,EU,25-34,es,mid,0.447,False
U00152,EU,18-24,de,budget,0.513,False
U00153,US,18-24,en,budget,0.715,False
U00154,IN,18-24,hi,mid,0.636,False
U00155,US,45+,en,budget,0.463,False
U00156,IN,45+,te,budget,0.194,True
U00157,US,35-44,en,budget,0.575,False
U00158,IN,25-34,hi,budget,0.787,False
U00159,EU,25-34,en,budget,0.287,False
U00160,EU,25-34,fr,mid,0.691,False
U00161,US,25-34,en,budget,0.623,True
U00162,AE,18-24,en,budget,0.715,False
U00163,US,18-24,en,mid,0.742,False
U00164,US,18-24,en,budget,0.397,False
U00165,IN,45+,en,mid,0.194,False
U00166,IN,25-34,en,budget,0.433,False
U00167,EU,45+,es,budget,0.746,True
U00168,EU,18-24,de,budget,0.431,False
U00169,US,25-34,en,mid,0.397,True
U00170,AE,18-24,en,budget,0.149,True
U00171,US,18-24,en,mid,0.936,False
U00172,IN,13-17,ta,budget,0.732,True
U00173,US,13-17,en,mid,0.719,True
U00174,AE,45+,en,mid,0.763,False
U00175,US,18-24,en,budget,0.677,False
U00176,US,25-34,en,mid,0.496,False
U00177,IN,25-34,hi,budget,0.514,False
U00178,AE,18-24,ar,budget,0.456,False
U00179,EU,25-34,de,budget,1.0,False
U00180,EU,18-24,fr,mid,0.672,False
U00181,EU,45+,fr,premium,0.448,True
U00182,EU,35-44,en,budget,0.652,True
U00183,IN,35-44,en,mid,0.328,False
U00184,US,25-34,en,mid,0.881,False
U00185,EU,18-24,en,budget,0.405,True
U00186,IN,45+,ta,mid,0.66,False
U00187,IN,18-24,te,mid,0.785,False
U00188,US,13-17,en,premium,0.635,False
U00189,EU,18-24,fr,premium,0.571,False
U00190,US,35-44,en,budget,0.552,False
U00191,AE,25-34,ar,budget,0.538,False
U00192,US,35-44,en,mid,0.423,False
U00193,US,35-44,en,budget,0.451,True
U00194,EU,18-24,en,budget,0.876,False
U00195,US,45+,en,premium,0.526,False
U00196,US,18-24,en,budget,0.377,False
U00197,IN,25-34,en,mid,0.436,False
U00198,EU,13-17,fr,mid,0.792,True
U00199,US,45+,en,budget,0.699,False
U00200,US,18-24,en,mid,0.673,False
U00201,EU,13-17,es,premium,0.493,False
U00202,AE,25-34,ar,mid,0.676,False
U00203,IN,18-24,ta,budget,0.408,False
U00204,US,18-24,en,budget,0.493,False
U00205,US,25-34,en,premium,0.763,True
U00206,US,18-24,en,budget,0.742,False
U00207,US,45+,en,mid,0.334,True
U00208,IN,18-24,en,budget,0.362,False
U00209,US,35-44,en,budget,0.574,False
U00210,IN,25-34,ta,premium,0.93,False
U00211,IN,25-34,en,mid,0.129,True
U00212,IN,25-34,en,premium,0.611,False
U00213,US,25-34,en,budget,0.247,False
U00214,EU,45+,de,mid,0.41,False
U00215,EU,18-24,en,premium,0.47,False
U00216,EU,18-24,es,budget,0.457,True
U00217,US,25-34,en,budget,0.433,False
U00218,US,35-44,en,premium,0.552,True
U00219,AE,13-17,ar,budget,0.432,True
U00220,IN,18-24,te,mid,0.228,False
U00221,US,45+,en,premium,0.722,False
U00222,IN,35-44,hi,budget,0.716,False
U00223,IN,45+,en,budget,0.735,True
U00224,AE,25-34,ar,budget,0.211,True
U00225,US,25-34,en,budget,0.616,False
U00226,AE,18-24,ar,budget,0.699,False
U00227,US,45+,en,mid,0.323,False
U00228,IN,18-24,ta,budget,0.552,False
U00229,IN,35-44,te,mid,0.524,False
U00230,US,18-24,en,budget,0.955,True
U00231,US,25-34,en,budget,0.973,True
U00232,IN,25-34,en,budget,0.184,False
U00233,AE,25-34,en,mid,1.0,False
U00234,IN,45+,ta,mid,0.349,False
U00235,AE,18-24,en,budget,0.766,False
U00236,EU,25-34,es,premium,0.764,False
U00237,IN,18-24,en,mid,0.331,False
U00238,EU,18-24,de,budget,0.659,False
U00239,US,18-24,en,premium,0.526,False
U00240,US,18-24,en,budget,0.672,False
U00241,EU,13-17,es,budget,0.601,True
U00242,EU,25-34,fr,mid,0.813,False
U00243,US,25-34,en,budget,0.567,False
U00244,IN,25-34,en,budget,0.513,False
U00245,IN,13-17,ta,mid,0.791,True
U00246,EU,18-24,en,budget,0.678,False
U00247,IN,18-24,te,mid,0.711,False
U00248,IN,35-44,ta,premium,0.404,False
U00249,IN,35-44,te,mid,0.32,False
U00250,IN,18-24,en,mid,0.425,False
U00251,IN,25-34,ta,mid,0.413,False
U00252,EU,18-24,en,premium,0.723,False
U00253,IN,18-24,te,budget,0.765,False
U00254,US,18-24,en,budget,0.516,False
U00255,US,18-24,en,mid,0.865,False
U00256,EU,25-34,de,mid,0.851,False
U00257,EU,45+,fr,budget,0.604,False
U00258,US,18-24,en,mid,0.369,False
U00259,US,25-34,en,budget,0.897,False
U00260,IN,25-34,hi,premium,0.537,True
U00261,US,45+,en,budget,0.578,False
U00262,EU,25-34,en,budget,0.475,False
U00263,US,18-24,en,budget,0.354,False
U00264,US,25-34,en,budget,0.227,False
U00265,AE,18-24,ar,budget,0.689,False
U00266,US,45+,en,budget,0.378,False
U00267,US,18-24,en,budget,1.0,False
U00268,US,25-34,en,budget,0.311,False
U00269,US,13-17,en,budget,0.273,True
U00270,US,18-24,en,budget,0.662,True
U00271,US,35-44,en,budget,0.886,False
U00272,US,25-34,en,budget,0.564,False
U00273,US,18-24,en,budget,0.676,False
U00274,IN,45+,en,budget,0.144,False
U00275,IN,35-44,hi,budget,0.401,False
U00276,IN,18-24,te,mid,0.314,True
U00277,US,25-34,en,premium,0.133,False
U00278,IN,25-34,te,premium,0.576,False
U00279,EU,25-34,de,mid,0.057,False
U00280,EU,18-24,de,mid,0.259,False
U00281,US,18-24,en,budget,0.432,False
U00282,US,45+,en,mid,0.367,False
U00283,US,45+,en,mid,0.637,False
U00284,US,35-44,en,mid,0.617,False
U00285,IN,45+,te,premium,0.747,True
U00286,IN,35-44,ta,budget,0.716,False
U00287,US,35-44,en,mid,0.801,False
U00288,IN,35-44,hi,mid,0.55,True
U00289,IN,25-34,ta,budget,0.617,False
U00290,US,25-34,en,premium,0.663,True
U00291,EU,18-24,es,budget,0.581,False
U00292,US,25-34,en,premium,0.463,False
U00293,AE,18-24,ar,mid,0.477,False
U00294,US,18-24,en,budget,0.37,False
U00295,EU,25-34,es,mid,0.643,False
U00296,AE,18-24,ar,budget,0.529,False
U00297,AE,18-24,en,mid,0.404,False
U00298,EU,35-44,es,mid,0.404,False
U00299,EU,35-44,de,mid,0.284,False
U00300,IN,18-24,hi,premium,0.765,False
U00301,EU,13-17,de,budget,0.567,True
U00302,US,18-24,en,budget,0.36,False
U00303,IN,35-44,hi,budget,0.728,True
U00304,IN,35-44,te,budget,0.427,False
U00305,EU,18-24,es,budget,0.241,False
U00306,IN,35-44,en,budget,0.775,True
U00307,IN,13-17,hi,budget,0.432,True
U00308,IN,18-24,ta,budget,0.46,False
U00309,US,45+,en,premium,0.559,False
U00310,US,18-24,en,budget,0.801,False
U00311,IN,18-24,hi,premium,0.554,False
U00312,IN,18-24,ta,budget,0.286,False
U00313,US,25-34,en,budget,0.67,True
U00314,IN,45+,en,mid,0.443,False
U00315,IN,45+,te,budget,0.965,False
U00316,US,13-17,en,budget,0.55,True
U00317,IN,18-24,ta,mid,0.058,False
U00318,IN,35-44,ta,budget,0.629,True
U00319,US,18-24,en,budget,0.978,True
U00320,AE,45+,en,mid,0.897,False
U00321,AE,25-34,ar,budget,0.953,False
U00322,IN,13-17,hi,mid,0.326,True
U00323,US,35-44,en,budget,0.751,False
U00324,IN,18-24,hi,premium,0.391,False
U00325,EU,18-24,fr,mid,0.599,False
U00326,IN,25-34,te,premium,0.27,True
U00327,EU,25-34,de,mid,0.408,False
U00328,IN,25-34,hi,budget,0.401,False
U00329,IN,25-34,en,mid,0.748,True
U00330,US,45+,en,budget,0.726,True
U00331,EU,45+,es,mid,0.611,True
U00332,US,25-34,en,mid,0.253,False
U00333,IN,13-17,en,budget,0.481,True
U00334,EU,35-44,en,premium,0.386,False
U00335,US,45+,en,budget,0.741,False
U00336,IN,18-24,te,mid,0.809,False
U00337,US,25-34,en,mid,0.782,True
U00338,EU,18-24,fr,budget,0.384,False
U00339,US,13-17,en,mid,0.0,True
U00340,AE,25-34,ar,mid,0.161,False
U00341,US,18-24,en,budget,0.863,False
U00342,AE,35-44,ar,mid,0.462,False
U00343,EU,35-44,en,budget,0.385,False
U00344,IN,35-44,hi,mid,0.911,False
U00345,EU,18-24,de,budget,0.828,False
U00346,EU,18-24,es,premium,0.555,False
U00347,AE,35-44,ar,premium,0.485,False
U00348,US,35-44,en,budget,0.521,False
U00349,IN,25-34,hi,budget,0.6,True
U00350,US,45+,en,mid,0.902,False
U00351,IN,18-24,te,mid,0.643,False
U00352,US,35-44,en,budget,0.71,False
U00353,IN,13-17,ta,budget,0.807,True
U00354,IN,18-24,hi,budget,0.293,False
U00355,IN,25-34,ta,premium,0.716,False
U00356,IN,13-17,ta,mid,0.485,True
U00357,EU,13-17,fr,premium,0.0,True
U00358,EU,13-17,en,mid,0.082,True
U00359,IN,18-24,ta,premium,0.326,False
U00360,IN,35-44,en,budget,0.667,False
U00361,AE,13-17,en,budget,0.575,True
U00362,US,25-34,en,premium,0.591,False
U00363,US,35-44,en,premium,0.979,True
U00364,US,18-24,en,budget,0.271,False
U00365,IN,18-24,en,budget,0.544,False
U00366,IN,35-44,te,mid,0.617,False
U00367,EU,35-44,fr,budget,0.388,False
U00368,IN,25-34,te,budget,0.556,False
U00369,US,35-44,en,premium,0.198,False
U00370,EU,13-17,es,budget,0.86,False
U00371,EU,18-24,es,mid,0.4,False
U00372,US,35-44,en,budget,0.997,False
U00373,IN,18-24,ta,budget,0.543,False
U00374,US,35-44,en,mid,0.776,False
U00375,US,25-34,en,budget,0.538,False
U00376,US,35-44,en,mid,0.543,False
U00377,AE,25-34,en,budget,0.422,False
U00378,IN,18-24,hi,premium,0.576,False
U00379,IN,18-24,en,mid,0.62,False
U00380,EU,18-24,es,premium,0.377,False
U00381,IN,35-44,te,budget,0.522,False
U00382,AE,13-17,en,budget,0.416,True
U00383,EU,13-17,de,budget,1.0,True
U00384,IN,18-24,te,mid,0.53,False
U00385,IN,18-24,hi,budget,0.89,True
U00386,AE,35-44,en,budget,0.507,False
U00387,EU,18-24,en,budget,0.607,True
U00388,AE,45+,en,budget,0.259,False
U00389,US,18-24,en,budget,0.452,False
U00390,EU,25-34,fr,budget,0.596,False
U00391,IN,18-24,ta,budget,0.899,False
U00392,US,18-24,en,mid,0.599,False
U00393,IN,35-44,ta,budget,0.854,False
U00394,IN,45+,ta,budget,0.691,False
U00395,US,35-44,en,mid,0.908,False
U00396,IN,18-24,en,mid,0.537,False
U00397,EU,18-24,es,budget,1.0,False
U00398,US,25-34,en,mid,0.443,True
U00399,IN,18-24,hi,premium,0.381,True
U00400,IN,35-44,hi,mid,0.284,False
U00401,US,25-34,en,premium,1.0,False
U00402,AE,25-34,ar,mid,0.73,True
U00403,EU,35-44,es,budget,0.476,False
U00404,US,25-34,en,budget,0.825,True
U00405,AE,13-17,en,mid,0.701,True
U00406,EU,13-17,fr,premium,0.983,True
U00407,US,25-34,en,mid,0.209,False
U00408,EU,25-34,de,budget,0.492,False
U00409,US,18-24,en,mid,0.448,False
U00410,AE,18-24,ar,budget,0.116,False
U00411,IN,35-44,hi,mid,0.783,True
U00412,IN,35-44,te,mid,0.491,False
U00413,US,25-34,en,mid,0.713,False
U00414,EU,18-24,es,premium,1.0,False
U00415,US,18-24,en,mid,0.472,False
U00416,US,25-34,en,mid,0.457,True
U00417,US,18-24,en,mid,0.576,False
U00418,EU,25-34,en,mid,0.767,False
U00419,US,25-34,en,premium,0.425,False
U00420,AE,13-17,ar,budget,0.411,False
U00421,IN,13-17,te,mid,0.783,True
U00422,US,18-24,en,budget,0.633,False
U00423,US,45+,en,premium,0.1,False
U00424,US,25-34,en,mid,0.28,True
U00425,IN,18-24,ta,budget,0.88,False
U00426,EU,45+,fr,budget,0.638,True
U00427,US,25-34,en,budget,0.382,False
U00428,EU,25-34,en,mid,0.513,False
U00429,US,45+,en,budget,0.553,False
U00430,EU,13-17,de,budget,0.712,True
U00431,AE,18-24,ar,premium,0.251,False
U00432,EU,25-34,fr,mid,0.365,False
U00433,IN,18-24,ta,budget,0.61,False
U00434,EU,25-34,es,budget,0.528,False
U00435,US,18-24,en,premium,0.676,False
U00436,US,13-17,en,mid,0.28,True
U00437,US,18-24,en,mid,0.629,False
U00438,IN,18-24,en,budget,0.79,False
U00439,EU,18-24,es,budget,0.657,False
U00440,IN,18-24,en,budget,0.581,False
U00441,EU,35-44,fr,mid,0.529,False
U00442,US,18-24,en,budget,0.366,False
U00443,EU,18-24,en,budget,0.534,False
U00444,US,13-17,en,mid,0.827,True
U00445,US,18-24,en,premium,0.524,False
U00446,EU,18-24,fr,mid,0.354,False
U00447,AE,25-34,ar,mid,0.442,False
U00448,IN,18-24,hi,mid,0.594,False
U00449,US,45+,en,budget,0.468,False
U00450,IN,45+,te,budget,0.657,False
U00451,US,13-17,en,mid,0.665,True
U00452,EU,13-17,en,budget,0.746,True
U00453,EU,13-17,de,mid,0.863,True
U00454,US,25-34,en,premium,0.769,True
U00455,US,18-24,en,premium,0.344,False
U00456,US,35-44,en,budget,0.351,False
U00457,AE,35-44,en,budget,0.533,False
U00458,IN,35-44,te,budget,0.451,False
U00459,EU,25-34,es,budget,0.3,True
U00460,IN,45+,te,budget,0.453,False
U00461,IN,13-17,en,budget,0.446,True
U00462,US,18-24,en,mid,0.402,False
U00463,AE,18-24,en,mid,0.481,False
U00464,US,45+,en,premium,0.809,False
U00465,IN,25-34,en,budget,0.594,True
U00466,IN,35-44,hi,budget,1.0,True
U00467,IN,18-24,en,budget,0.588,False
U00468,AE,45+,ar,budget,0.486,False
U00469,US,25-34,en,budget,0.551,False
U00470,IN,25-34,hi,premium,0.606,True
U00471,IN,45+,en,budget,0.646,False
U00472,IN,18-24,en,budget,1.0,False
U00473,US,18-24,en,mid,0.364,True
U00474,US,25-34,en,mid,0.739,False
U00475,US,18-24,en,mid,0.596,False
U00476,US,18-24,en,budget,0.204,False
U00477,IN,18-24,ta,mid,0.72,False
U00478,IN,13-17,ta,budget,0.829,False
U00479,IN,35-44,ta,budget,0.361,False
U00480,IN,25-34,en,mid,0.548,True
U00481,IN,18-24,hi,premium,0.17,False
U00482,US,18-24,en,budget,0.273,False
U00483,IN,18-24,ta,mid,0.781,False
U00484,US,25-34,en,budget,0.447,True
U00485,US,45+,en,budget,0.306,False
U00486,IN,45+,te,budget,0.6,False
U00487,IN,18-24,en,mid,0.435,True
U00488,US,18-24,en,budget,0.446,False
U00489,IN,25-34,en,mid,0.713,False
U00490,IN,25-34,hi,budget,0.294,False
U00491,EU,25-34,es,premium,0.351,True
U00492,IN,25-34,en,mid,0.584,False
U00493,IN,25-34,ta,budget,0.763,True
U00494,US,18-24,en,budget,0.822,False
U00495,EU,18-24,de,budget,0.404,True
U00496,IN,18-24,ta,premium,0.756,False
U00497,IN,13-17,ta,budget,0.377,True
U00498,IN,18-24,hi,mid,0.952,False
U00499,IN,35-44,ta,budget,0.301,False
U00500,IN,18-24,en,mid,0.842,True
U00501,EU,18-24,fr,mid,0.406,False
U00502,EU,25-34,en,mid,0.993,True
U00503,AE,35-44,en,premium,0.68,True
U00504,IN,18-24,en,budget,0.326,False
U00505,IN,35-44,en,mid,0.435,False
U00506,EU,45+,en,budget,0.722,True
U00507,US,25-34,en,mid,0.782,False
U00508,EU,25-34,fr,premium,0.534,False
U00509,IN,13-17,en,mid,0.56,True
U00510,US,45+,en,mid,0.717,False
U00511,US,18-24,en,budget,0.579,True
U00512,EU,45+,en,budget,0.265,False
U00513,US,25-34,en,budget,0.371,False
U00514,US,13-17,en,mid,0.602,False
U00515,US,13-17,en,mid,0.817,False
U00516,US,25-34,en,budget,0.906,False
U00517,US,25-34,en,budget,0.721,False
U00518,EU,13-17,es,budget,0.613,True
U00519,US,35-44,en,budget,0.715,False
U00520,EU,35-44,en,budget,0.403,False
U00521,EU,25-34,en,premium,0.516,True
U00522,IN,25-34,en,mid,0.369,True
U00523,US,13-17,en,budget,0.275,True
U00524,IN,35-44,en,mid,0.623,False
U00525,US,18-24,en,mid,0.591,False
U00526,IN,35-44,te,budget,0.701,False
U00527,AE,18-24,ar,budget,0.67,False
U00528,AE,25-34,ar,budget,0.603,False
U00529,EU,18-24,de,budget,0.672,False
U00530,US,18-24,en,mid,0.541,False
U00531,IN,35-44,en,premium,0.641,False
U00532,EU,25-34,es,budget,0.39,False
U00533,IN,25-34,en,mid,0.631,True
U00534,IN,45+,te,budget,0.697,True
U00535,US,45+,en,mid,0.403,False
U00536,US,35-44,en,mid,0.561,False
U00537,IN,18-24,hi,budget,0.413,True
U00538,US,25-34,en,budget,0.434,False
U00539,US,35-44,en,mid,0.303,True
U00540,EU,18-24,es,premium,0.828,False
U00541,AE,13-17,en,budget,0.784,True
U00542,IN,35-44,te,budget,0.668,False
U00543,EU,25-34,fr,budget,0.984,False
U00544,AE,25-34,ar,mid,0.508,True
U00545,US,45+,en,mid,1.0,False
U00546,IN,25-34,ta,mid,0.5,False
U00547,IN,18-24,te,mid,0.606,False
U00548,US,18-24,en,premium,0.462,False
U00549,EU,18-24,fr,mid,0.632,False
U00550,IN,13-17,hi,budget,0.734,True
U00551,IN,35-44,te,mid,0.525,False
U00552,US,35-44,en,budget,0.941,False
U00553,US,18-24,en,budget,0.603,False
U00554,AE,18-24,en,premium,0.61,False
U00555,US,35-44,en,mid,0.35,False
U00556,US,13-17,en,premium,0.642,True
U00557,US,25-34,en,budget,0.521,False
U00558,IN,25-34,en,mid,0.416,False
U00559,IN,25-34,hi,mid,0.379,False
U00560,IN,18-24,en,budget,1.0,True
U00561,US,25-34,en,budget,0.492,False
U00562,US,18-24,en,mid,0.229,False
U00563,EU,25-34,en,budget,0.396,False
U00564,IN,13-17,hi,premium,0.539,True
U00565,IN,25-34,ta,budget,0.67,False
U00566,IN,25-34,ta,budget,0.672,False
U00567,EU,18-24,fr,mid,0.699,False
U00568,US,18-24,en,budget,0.408,True
U00569,IN,18-24,hi,premium,0.625,False
U00570,IN,18-24,en,mid,0.357,False
U00571,US,13-17,en,budget,0.414,True
U00572,EU,45+,es,mid,0.348,False
U00573,IN,18-24,en,mid,0.289,False
U00574,EU,35-44,es,mid,0.784,False
U00575,EU,45+,es,mid,0.701,False
U00576,IN,13-17,te,mid,0.765,False
U00577,AE,25-34,en,mid,0.559,False
U00578,IN,35-44,ta,budget,0.721,False
U00579,EU,25-34,de,mid,0.163,False
U00580,US,18-24,en,premium,0.74,False
U00581,IN,18-24,te,mid,0.589,False
U00582,IN,13-17,ta,mid,0.688,True
U00583,US,25-34,en,budget,0.634,False
U00584,IN,45+,ta,mid,0.333,False
U00585,AE,45+,en,premium,0.22,False
U00586,IN,13-17,ta,budget,0.393,False
U00587,US,25-34,en,budget,0.674,False
U00588,US,18-24,en,mid,0.702,True
U00589,US,45+,en,mid,0.249,False
U00590,US,13-17,en,mid,0.334,True
U00591,AE,45+,ar,budget,0.391,False
U00592,IN,35-44,en,budget,0.471,False
U00593,US,13-17,en,mid,0.25,True
U00594,IN,13-17,hi,mid,0.237,False
U00595,US,35-44,en,mid,0.369,False
U00596,US,18-24,en,mid,0.569,False
U00597,EU,25-34,es,mid,0.29,False
U00598,IN,45+,en,mid,0.525,False
U00599,AE,25-34,en,mid,0.783,True
U00600,IN,18-24,te,mid,0.264,True
U00601,IN,18-24,te,mid,0.505,False
U00602,EU,13-17,es,budget,0.775,True
U00603,AE,45+,en,budget,0.458,False
U00604,EU,18-24,fr,mid,0.424,True
U00605,AE,18-24,ar,premium,0.806,False
U00606,EU,18-24,de,mid,0.483,False
U00607,EU,45+,en,budget,0.793,False
U00608,US,13-17,en,mid,0.644,True
U00609,EU,35-44,fr,budget,0.475,False
U00610,IN,25-34,hi,mid,0.656,False
U00611,IN,35-44,te,mid,0.62,False
U00612,IN,45+,hi,mid,0.775,False
U00613,AE,35-44,ar,mid,0.429,False
U00614,AE,45+,en,budget,0.559,True
U00615,US,18-24,en,budget,0.536,True
U00616,EU,35-44,de,premium,0.705,True
U00617,EU,25-34,en,mid,0.324,False
U00618,US,25-34,en,mid,0.774,False
U00619,US,45+,en,budget,0.653,False
U00620,US,45+,en,budget,0.26,False
U00621,EU,25-34,de,budget,0.816,False
U00622,IN,25-34,ta,budget,1.0,False
U00623,AE,25-34,en,budget,0.77,False
U00624,IN,18-24,hi,premium,0.864,False
U00625,AE,18-24,ar,mid,0.569,False
U00626,IN,18-24,te,budget,0.184,False
U00627,EU,13-17,de,budget,0.144,True
U00628,US,13-17,en,budget,0.606,True
U00629,IN,35-44,te,mid,0.42,False
U00630,EU,18-24,de,budget,0.349,False
U00631,AE,45+,ar,mid,0.536,True
U00632,EU,25-34,en,mid,0.685,False
U00633,US,13-17,en,budget,0.23,True
U00634,IN,18-24,ta,mid,0.451,False
U00635,US,18-24,en,premium,0.882,False
U00636,US,45+,en,budget,0.313,False
U00637,IN,18-24,hi,budget,0.741,False
U00638,EU,25-34,en,premium,0.443,False
U00639,EU,45+,fr,premium,0.67,False
U00640,EU,45+,fr,mid,0.791,False
U00641,EU,18-24,en,mid,0.713,False
U00642,EU,13-17,es,budget,0.75,True
U00643,US,18-24,en,mid,0.297,False
U00644,US,13-17,en,mid,0.795,True
U00645,IN,18-24,en,budget,0.362,False
U00646,EU,25-34,fr,mid,0.607,False
U00647,US,45+,en,premium,0.607,False
U00648,IN,25-34,hi,mid,0.657,False
U00649,IN,25-34,ta,budget,0.624,False
U00650,US,18-24,en,budget,0.364,False
U00651,IN,35-44,te,premium,0.253,True
U00652,EU,25-34,es,premium,0.742,False
U00653,IN,35-44,en,mid,0.591,False
U00654,US,45+,en,mid,0.803,False
U00655,EU,18-24,es,mid,0.54,False
U00656,US,13-17,en,budget,0.241,True
U00657,EU,18-24,es,budget,0.763,False
U00658,US,18-24,en,budget,0.469,False
U00659,IN,45+,hi,budget,0.625,False
U00660,IN,18-24,te,mid,0.408,False
U00661,US,35-44,en,budget,0.912,True
U00662,EU,25-34,en,budget,0.357,False
U00663,US,18-24,en,mid,0.476,False
U00664,US,18-24,en,budget,0.574,False
U00665,US,25-34,en,budget,0.31,False
U00666,EU,25-34,es,mid,0.623,False
U00667,EU,18-24,es,budget,0.905,False
U00668,AE,18-24,en,mid,0.442,True
U00669,US,35-44,en,premium,0.637,False
U00670,IN,18-24,te,budget,0.0,False
U00671,US,45+,en,premium,0.541,False
U00672,IN,18-24,hi,premium,0.481,True
U00673,AE,13-17,en,mid,0.37,True
U00674,EU,25-34,de,mid,0.788,False
U00675,IN,25-34,te,mid,0.478,False
U00676,IN,25-34,ta,mid,0.511,False
U00677,AE,18-24,ar,mid,0.467,False
U00678,IN,45+,hi,budget,0.128,False
U00679,US,25-34,en,premium,0.301,False
U00680,IN,25-34,ta,mid,0.761,False
U00681,US,18-24,en,mid,0.086,True
U00682,US,13-17,en,budget,0.381,False
U00683,US,25-34,en,budget,0.462,True
U00684,IN,18-24,te,mid,0.934,False
U00685,IN,25-34,te,mid,0.719,False
U00686,US,13-17,en,budget,0.427,True
U00687,IN,45+,te,budget,0.837,False
U00688,AE,25-34,ar,budget,0.387,False
U00689,EU,45+,de,mid,0.772,False
U00690,IN,25-34,en,budget,0.251,False
U00691,US,13-17,en,premium,0.786,True
U00692,EU,35-44,en,budget,0.461,True
U00693,US,25-34,en,budget,0.324,False
U00694,US,35-44,en,budget,0.502,False
U00695,AE,18-24,en,mid,0.611,False
U00696,IN,25-34,te,mid,0.441,False
U00697,EU,35-44,de,mid,0.672,False
U00698,IN,25-34,hi,premium,0.422,False
U00699,IN,18-24,te,budget,0.686,False
U00700,US,25-34,en,mid,0.647,False
U00701,US,25-34,en,budget,0.537,False
U00702,US,45+,en,budget,0.453,False
U00703,US,18-24,en,mid,0.583,False
U00704,EU,18-24,es,budget,0.671,False
U00705,US,35-44,en,mid,1.0,False
U00706,IN,25-34,hi,mid,0.757,False
U00707,EU,35-44,fr,mid,0.765,True
U00708,EU,25-34,de,mid,1.0,False
U00709,IN,18-24,hi,mid,0.664,False
U00710,IN,35-44,ta,budget,0.657,False
U00711,AE,18-24,ar,budget,0.705,False
U00712,IN,18-24,te,budget,0.328,True
U00713,EU,25-34,fr,mid,0.452,True
U00714,AE,35-44,ar,premium,0.439,True
U00715,EU,45+,en,budget,0.692,False
U00716,US,18-24,en,mid,0.512,True
U00717,IN,13-17,hi,mid,0.58,True
U00718,US,45+,en,mid,0.789,False
U00719,IN,18-24,en,mid,0.74,False
U00720,AE,18-24,en,mid,0.514,False
U00721,IN,18-24,en,mid,0.403,False
U00722,IN,25-34,te,premium,0.8,True
U00723,US,45+,en,budget,0.72,False
U00724,AE,35-44,en,premium,0.197,True
U00725,US,25-34,en,budget,0.481,True
U00726,US,18-24,en,mid,0.586,False
U00727,US,18-24,en,budget,0.721,False
U00728,US,25-34,en,budget,0.75,True
U00729,IN,18-24,te,budget,0.612,False
U00730,IN,18-24,hi,budget,0.679,False
U00731,US,18-24,en,budget,0.564,False
U00732,US,18-24,en,budget,0.402,False
U00733,US,25-34,en,mid,0.493,True
U00734,IN,25-34,hi,budget,0.554,False
U00735,US,13-17,en,mid,0.542,True
U00736,IN,25-34,ta,premium,0.135,False
U00737,US,35-44,en,mid,0.463,False
U00738,US,35-44,en,budget,0.562,False
U00739,IN,35-44,te,budget,0.488,True
U00740,IN,18-24,te,premium,0.496,False
U00741,US,35-44,en,budget,0.657,False
U00742,US,18-24,en,budget,0.313,False
U00743,EU,18-24,de,premium,0.192,True
U00744,US,18-24,en,premium,0.473,False
U00745,IN,25-34,en,budget,0.718,False
U00746,IN,18-24,en,mid,0.921,False
U00747,US,18-24,en,mid,0.722,True
U00748,IN,35-44,te,mid,0.227,False
U00749,EU,18-24,es,budget,0.499,True
U00750,EU,18-24,en,budget,0.606,False
U00751,US,18-24,en,mid,0.589,False
U00752,US,18-24,en,budget,0.669,False
U00753,US,18-24,en,mid,0.348,True
U00754,IN,18-24,en,budget,0.564,False
U00755,IN,18-24,ta,premium,0.642,False
U00756,US,35-44,en,mid,0.732,False
U00757,US,45+,en,mid,0.373,True
U00758,AE,25-34,ar,mid,0.474,False
U00759,US,25-34,en,budget,0.0,False
U00760,IN,35-44,en,mid,0.413,True
U00761,EU,45+,fr,budget,0.435,True
U00762,US,25-34,en,premium,0.326,False
U00763,US,45+,en,mid,0.586,False
U00764,US,45+,en,premium,0.538,False
U00765,AE,35-44,ar,premium,0.053,False
U00766,US,25-34,en,premium,0.597,False
U00767,US,13-17,en,budget,0.346,True
U00768,US,13-17,en,premium,0.657,True
U00769,US,25-34,en,mid,0.268,False
U00770,IN,25-34,en,budget,0.557,False
U00771,US,18-24,en,mid,0.488,False
U00772,IN,25-34,hi,budget,0.617,False
U00773,IN,25-34,hi,budget,0.577,True
U00774,EU,35-44,de,budget,0.494,False
U00775,US,13-17,en,budget,0.212,True
U00776,EU,18-24,fr,mid,0.225,False
U00777,IN,35-44,hi,premium,0.422,True
U00778,US,35-44,en,mid,0.548,False
U00779,EU,45+,fr,mid,0.416,False
U00780,EU,35-44,es,budget,0.688,False
U00781,US,45+,en,mid,0.489,True
U00782,AE,18-24,en,budget,0.338,True
U00783,IN,18-24,en,mid,0.489,False
U00784,IN,18-24,en,budget,0.6,False
U00785,AE,25-34,ar,mid,0.621,False
U00786,IN,45+,ta,mid,0.963,False
U00787,EU,18-24,de,mid,0.403,False
U00788,US,25-34,en,premium,0.534,False
U00789,EU,18-24,en,budget,0.644,False
U00790,IN,18-24,ta,premium,0.545,False
U00791,US,18-24,en,mid,0.44,False
U00792,IN,13-17,hi,mid,0.209,True
U00793,US,45+,en,mid,0.438,False
U00794,US,18-24,en,mid,0.314,False
U00795,US,35-44,en,premium,0.17,False
U00796,US,25-34,en,budget,0.375,False
U00797,US,18-24,en,mid,0.32,False
U00798,US,18-24,en,mid,0.678,False
U00799,EU,35-44,es,mid,0.682,False
U00800,EU,18-24,fr,premium,0.351,False
